timestamp,end_time,duration_minutes,app_name,category,notification_associated,notification_timestamp,notification_app,notification_title,user_reflection
2026-09-22T08:15:00,2026-09-22T08:45:00,30,Slack,Productivity,true,2026-09-22T08:13:30,Slack,Team standup reminder,Necessary
2026-09-22T09:00:00,2026-09-22T11:30:00,150,VS Code,Development,false,,,,Planned
2026-09-22T12:15:00,2026-09-22T12:40:00,25,YouTube,Entertainment,false,,,,Relaxation
2026-09-22T14:00:00,2026-09-22T16:30:00,150,VS Code,Development,false,,,,Planned
2026-09-22T17:10:00,2026-09-22T17:35:00,25,Spotify,Entertainment,false,,,,Relaxation
2026-09-22T20:47:00,2026-09-22T21:21:00,34,Instagram,Social,true,2026-09-22T20:45:10,Instagram,Sarah sent a reel,Unplanned
2026-09-22T22:30:00,2026-09-22T22:50:00,20,Kindle,Reading,false,,,,Planned
2026-09-23T08:20:00,2026-09-23T08:50:00,30,Slack,Productivity,true,2026-09-23T08:18:00,Slack,New message in #general,Necessary
2026-09-23T09:15:00,2026-09-23T12:00:00,165,VS Code,Development,false,,,,Planned
2026-09-23T13:00:00,2026-09-23T13:30:00,30,Reddit,Social,false,,,,Relaxation
2026-09-23T14:30:00,2026-09-23T17:00:00,150,VS Code,Development,false,,,,Planned
2026-09-23T20:52:00,2026-09-23T21:30:00,38,Instagram,Social,true,2026-09-23T20:50:00,Instagram,Trending post from @designers,Unplanned
2026-09-23T22:15:00,2026-09-23T22:45:00,30,Notion,Productivity,false,,,,Planned
2026-09-24T08:30:00,2026-09-24T08:55:00,25,Slack,Productivity,false,,,,Necessary
2026-09-24T09:30:00,2026-09-24T12:30:00,180,VS Code,Development,false,,,,Planned
2026-09-24T13:10:00,2026-09-24T13:35:00,25,YouTube,Entertainment,false,,,,Relaxation
2026-09-24T15:00:00,2026-09-24T17:30:00,150,VS Code,Development,false,,,,Planned
2026-09-24T19:00:00,2026-09-24T19:40:00,40,Twitter,Social,true,2026-09-24T18:58:30,Twitter,Breaking tech update,Unplanned
2026-09-24T20:45:00,2026-09-24T21:20:00,35,Instagram,Social,true,2026-09-24T20:43:00,Instagram,Jordan shared a memory,Unplanned
2026-09-25T08:45:00,2026-09-25T09:15:00,30,Slack,Productivity,true,2026-09-25T08:43:00,Slack,Deployment status ready,Necessary
2026-09-25T09:30:00,2026-09-25T12:00:00,150,VS Code,Development,false,,,,Planned
2026-09-25T14:00:00,2026-09-25T16:30:00,150,VS Code,Development,false,,,,Planned
2026-09-25T18:00:00,2026-09-25T18:35:00,35,Spotify,Entertainment,false,,,,Relaxation
2026-09-25T20:50:00,2026-09-25T21:25:00,35,Instagram,Social,true,2026-09-25T20:48:00,Instagram,New story update,Unplanned
2026-09-26T10:00:00,2026-09-26T11:15:00,75,YouTube,Entertainment,false,,,,Relaxation
2026-09-26T14:00:00,2026-09-26T15:30:00,90,VS Code,Development,false,,,,Planned
2026-09-26T21:10:00,2026-09-26T21:52:00,42,Instagram,Social,true,2026-09-26T21:08:00,Instagram,Alex tagged you in a comment,Unplanned
2026-09-27T09:30:00,2026-09-27T10:30:00,60,Kindle,Reading,false,,,,Planned
2026-09-27T11:00:00,2026-09-27T12:00:00,60,Notion,Productivity,false,,,,Planned
2026-09-27T16:00:00,2026-09-27T17:10:00,70,YouTube,Entertainment,false,,,,Relaxation
2026-09-27T20:48:00,2026-09-27T21:22:00,34,Instagram,Social,true,2026-09-27T20:46:00,Instagram,Direct message received,Unplanned
2026-09-28T08:30:00,2026-09-28T09:00:00,30,Slack,Productivity,true,2026-09-28T08:28:00,Slack,Weekly sprint kickoff,Necessary
2026-09-28T09:30:00,2026-09-28T12:30:00,180,VS Code,Development,false,,,,Planned
2026-09-28T14:00:00,2026-09-28T16:30:00,150,VS Code,Development,false,,,,Planned
2026-09-28T20:55:00,2026-09-28T21:30:00,35,Instagram,Social,true,2026-09-28T20:53:00,Instagram,New reel from your follow list,Unplanned
2026-09-28T22:30:00,2026-09-28T23:00:00,30,Kindle,Reading,false,,,,Relaxation
